<?xml version="1.0" encoding="UTF-8"?>
<beans xmlns="http://www.springframework.org/schema/beans"
	xmlns:xsi="http://www.w3.org/2001/XMLSchema-instance"
	xmlns:context="http://www.springframework.org/schema/context"
	xsi:schemaLocation="http://www.springframework.org/schema/beans http://www.springframework.org/schema/beans/spring-beans-4.1.xsd
		http://www.springframework.org/schema/context http://www.springframework.org/schema/context/spring-context-4.1.xsd">

<bean id="employee" class="org.cap.model.Employee" autowire="constructor">
	<!-- <property name="empId" value="1001"/>
	<property name="firstName" value="Tom"/>
	<property name="lastName" value="Jerry"/>
	<property name="salary" value="23000"/> -->
	<!-- <property name="department" ref="department"/>  -->
	
	<constructor-arg name="empId" value="1001"/>
	<constructor-arg name="firstName" value="Tom"/>
	<constructor-arg name="lastName" value="Jerry"/>
	<constructor-arg name="salary" value="45000"/>
	<!-- <constructor-arg name="department" ref="department"/>  -->
	
</bean>

<!-- <bean id="employee1" class="org.cap.model.Employee">
	<property name="empId" value="1003"/>
	<property name="firstName" value="Jack"/>
	<property name="lastName" value="Thomson"/>
	<property name="salary" value="34000"/>
</bean> -->

 <!-- <bean id="department" class="org.cap.model.Department">
	<property name="depId" value="121"/>
	<property name="depName" value="Sales"/>
</bean> -->


<bean id="department1" class="org.cap.model.Department">
	<property name="depId" value="101"/>
	<property name="depName" value="Finance"/>
</bean>

</beans>
