<?xml version="1.0" encoding="UTF-8"?>

<beans xmlns="http://www.springframework.org/schema/beans" 
	xmlns:xsi="http://www.w3.org/2001/XMLSchema-instance"
	xmlns:context="http://www.springframework.org/schema/context"
	xmlns:tx="http://www.springframework.org/schema/tx"
	xmlns:aop="http://www.springframework.org/schema/aop"
	xsi:schemaLocation="http://www.springframework.org/schema/beans 
	http://www.springframework.org/schema/beans/spring-beans.xsd
	http://www.springframework.org/schema/tx http://www.springframework.org/schema/tx/spring-tx-2.5.xsd
	http://www.springframework.org/schema/aop http://www.springframework.org/schema/aop/spring-aop-2.5.xsd
	http://www.springframework.org/schema/context http://www.springframework.org/schema/context/spring-context.xsd">

<!-- DataSource to connect mysql database -->
<bean id="dataSource" class="org.springframework.jdbc.datasource.DriverManagerDataSource">
	<property name="driverClassName" value="com.mysql.jdbc.Driver"></property>
	<property name="url" value="jdbc:mysql://localhost:3306/capdbs"></property>
	<property name="username" value="root"></property>
	<property name="password" value="admin"></property>
</bean>

<!-- JdbcTemplate bean to execute query-->
 <bean id="jdbcTemplate" class="org.springframework.jdbc.core.JdbcTemplate">
 	<property name="dataSource" ref="dataSource"></property>
 </bean>

<!-- PlatformTransactionManager which are going to drive transaction-->
<bean id="transactionManager" class="org.springframework.jdbc.datasource.DataSourceTransactionManager">
  <property name="dataSource" ref="dataSource"></property>
</bean>

<!-- Instance of transaction template -->
<bean id="transactionTemplate" class="org.springframework.transaction.support.TransactionTemplate">
  <property name="transactionManager" ref="transactionManager"></property>
</bean>

<!-- Our main DAO class bean object to execute query -->
 <bean id="personDao" class="org.cap.dao.PersonDaoImpl">
 	<property name="jdbcTemplate" ref="jdbcTemplate"></property>
 	<property name="transactionTemplate" ref="transactionTemplate"></property>	
 </bean>		  

</beans>
